age,sex,cp,trestbps,chol,fbs,restecg,thalach,exang,oldpeak,slope,ca,thal
40,0,2,142,306,1,1,120,0,4.892463850752668,2,3,2
21,1,0,116,290,0,0,197,0,4.807699032166897,2,1,1
45,0,2,115,347,0,0,113,0,3.3355112959393693,1,3,2
30,0,0,120,262,0,0,174,1,4.606441776134533,2,1,0
49,0,0,120,348,1,2,133,0,1.4227657285372166,1,3,0
52,0,1,121,338,1,0,143,1,0.7883365912523952,1,2,2
44,0,0,117,266,1,2,138,1,4.600379832883059,2,2,0
81,1,2,112,308,0,2,151,1,4.261933501271437,2,2,1
28,1,0,139,258,1,0,131,0,2.328819265435032,1,3,1
88,0,0,129,325,1,2,138,0,3.2475265551792707,2,0,2
85,0,0,136,300,0,1,195,1,3.686563179231028,2,3,2
33,1,2,142,269,0,1,121,1,0.5685542170818861,0,2,2
47,1,0,134,261,1,0,133,1,1.407130637784318,0,3,1
29,1,3,137,292,1,0,175,0,4.2469204868921695,0,3,2
26,1,1,146,268,0,0,101,1,3.104668613407227,0,0,2
35,1,0,106,316,1,2,115,1,4.881428499526935,1,3,1
46,0,3,126,300,0,2,145,0,4.617898448731424,1,3,1
77,1,2,106,264,0,0,165,1,3.5326772734835883,2,3,0
82,1,0,136,314,1,2,166,1,2.9602276208864056,2,2,1
30,1,1,147,280,1,2,103,1,4.448607517438426,2,1,0
74,0,0,108,252,0,2,123,0,4.386632532998409,2,3,1
50,1,0,111,328,1,1,140,0,2.720971357306074,0,3,1
45,1,2,130,302,1,2,162,1,3.473837106189534,1,3,2
77,0,3,126,342,0,1,167,1,0.3802552622074996,0,2,0
27,1,2,136,331,0,0,104,1,0.5764486352515306,1,3,2
29,0,1,121,349,0,0,192,1,1.6979371211439984,0,2,0
65,1,2,148,260,1,0,109,0,2.2014666662101003,0,1,0
72,1,1,124,255,1,1,196,0,4.74912236774154,2,1,0
27,1,3,141,327,0,1,133,0,4.893316341843843,2,3,1
31,1,0,115,339,1,0,138,0,4.812855247993019,0,2,0
